{
  "num_samples": 2514,
  "color_primary": {
    "accuracy": 0.8313444709626094,
    "precision": 0.8262671500466517,
    "recall": 0.8313444709626094,
    "f1": 0.8280196751866875,
    "confusion_matrix": [
      [
        712,
        14,
        0,
        0,
        11,
        2,
        0,
        0,
        24,
        0
      ],
      [
        28,
        309,
        7,
        4,
        40,
        9,
        0,
        0,
        12,
        0
      ],
      [
        2,
        30,
        120,
        2,
        3,
        10,
        0,
        0,
        24,
        0
      ],
      [
        0,
        5,
        7,
        4,
        0,
        2,
        0,
        0,
        1,
        0
      ],
      [
        41,
        14,
        5,
        0,
        328,
        4,
        0,
        0,
        20,
        0
      ],
      [
        5,
        14,
        10,
        0,
        2,
        171,
        0,
        0,
        8,
        0
      ],
      [
        0,
        0,
        0,
        1,
        0,
        0,
        0,
        0,
        0,
        0
      ],
      [
        0,
        0,
        0,
        0,
        0,
        0,
        0,
        0,
        1,
        0
      ],
      [
        15,
        7,
        19,
        0,
        13,
        6,
        0,
        0,
        446,
        0
      ],
      [
        0,
        1,
        0,
        0,
        0,
        1,
        0,
        0,
        0,
        0
      ]
    ],
    "classes": [
      "black",
      "blue",
      "brown",
      "cream",
      "gold",
      "grey",
      "orange",
      "red",
      "silver",
      "tan",
      "unknown",
      "white",
      "yellow"
    ]
  },
  "color_secondary": {
    "exact_match": 0.5346062183380127,
    "macro_precision": 0.3275836110115051,
    "macro_recall": 0.12427137792110443,
    "macro_f1": 0.1637062430381775,
    "micro_precision": 0.809661865234375,
    "micro_recall": 0.41608738899230957,
    "micro_f1": 0.549688458442688
  },
  "pattern": {
    "exact_match": 0.5688146352767944,
    "macro_precision": 0.3769564926624298,
    "macro_recall": 0.22037860751152039,
    "macro_f1": 0.25597843527793884,
    "micro_precision": 0.7990654110908508,
    "micro_recall": 0.620014488697052,
    "micro_f1": 0.6982441544532776
  }
}