{
  "train_loss": [
    5.893688105314206,
    3.217402398586273,
    1.6136011655514058,
    1.4017885755269954,
    1.2694461287596286,
    1.211272667004512,
    1.158265352401978,
    1.1127332456600971,
    1.0699115696625832
  ],
  "learning_rate": [
    5.4499999999999997e-05,
    0.000104,
    0.00015349999999999996,
    0.00020299999999999997,
    0.0002525,
    0.000302,
    0.00035150000000000003,
    0.00040100000000000004,
    0.00045050000000000005
  ],
  "epoch": [
    1,
    2,
    3,
    4,
    5,
    6,
    7,
    8,
    9
  ],
  "timestamp": [
    1782406464.0107737,
    1782407227.3191009,
    1782407991.3449962,
    1782408753.91121,
    1782409518.2549279,
    1782410279.4103231,
    1782411042.7933605,
    1782411808.3132222,
    1782412569.6687503
  ]
}